{
    "name": "rockcamrunwrap",
    "version": "0.1.0",
    "description": "TauriMan is a tool for managing TauriMan",
    "author": "1024xiaoshen",
    "license": "MIT",
    "window": {
        "title": "rockcamrunwrap",
        "url": "http://localhost:5173/",
        "width": 960,
        "height": 720,
        "resizable": true,
        "center": true,
        "maximized": false
    },
    "locale": "zh-CN",
    "langs": {
        "english": {
            "label": "English",
            "inputDir": "Input Dir",
            "outputDir": "Output Dir",
            "start": "Start",
            "stop": "Stop",
            "clear": "Clear",
            "about": "About",
            "help": "Help",
            "check": "Check",
            "index": "Index",
            "name": "Name",
            "size": "Size",
            "update": "Update",
            "batch": "Batch",
            "status": "Status",
            "success": "Success",
            "faile": "Failed",
            "error": "Error",
            "waiting": "Waiting",
            "delete": "Delete",
            "record": "Record",
            "action": "Action",
            "empty": "No data",
            "search": "search",
            "placeholder": "Please enter the search keyword",
            "select": "Please select",
            "batchUpdate": "Batch Update",
            "currentFile": "Current File",
            "deleteSelected": "Delete Selected",
            "policy": "Policy",
            "transFileing": "Trans Fileing",
            "stopTrans": "Stop Trans"
        },
        "simpl_chinese": {
            "label": "中文",
            "inputDir": "输入文件夹",
            "outputDir": "输出文件夹",
            "start": "批量执行",
            "stop": "停止",
            "clear": "清除",
            "about": "关于",
            "help": "帮助",
            "check": "查看",
            "index": "序号",
            "name": "文件名",
            "size": "文件体积(k)",
            "update": "最近修改时间",
            "batch": "批量执行",
            "status": "状态",
            "success": "成功",
            "faile": "失败",
            "error": "错误",
            "waiting": "等待",
            "delete": "删除",
            "record": "记录",
            "action": "执行",
            "empty": "暂无数据",
            "search": "搜索",
            "placeholder": "请输入搜索关键词",
            "select": "请选择",
            "batchUpdate": "批量更新",
            "currentFile": "当前文件",
            "deleteSelected": "删除选中",
            "policy": "加工策略",
            "transFileing": "正在转换文件",
            "stopTrans": "停止执行"
        }
    }
}
